-- Insert Statements Bikes (75 Bikes)

INSERT INTO MOTORBIKES (MODEL, PS, MANUFACTURER, CURRENTLEASINGRATE, WEIGHT, SEATHEIGHT, KILOMETER, FEDERAL_STATE, ADDRESS)
VALUES
    ('Multistrada V4', 170, 'Ducati', 120.00, 240, 840, 15000, 'Niederösterreich', 'Alauntalstraße, Krems an der Donau, Niederösterreich'),
    ('YZF-R1', 200, 'Yamaha', 110.00, 200, 855, 18000, 'Wien', 'Mariahilfer Straße 100, Wien'),
    ('Ninja H2', 228, 'Kawasaki', 140.00, 238, 825, 8000, 'Oberösterreich', 'Hauptplatz 2, Linz, Oberösterreich'),
    ('Street Glide', 90, 'Harley-Davidson', 150.00, 345, 695, 12000, 'Steiermark', 'Kaiserfeldgasse 10, Graz, Steiermark'),
    ('Imperiale 400', 21, 'Benelli', 80.00, 200, 780, 2500, 'Tirol', 'Herzog-Friedrich-Straße 15, Innsbruck, Tirol');

INSERT INTO MOTORBIKES (MODEL, PS, MANUFACTURER, CURRENTLEASINGRATE, WEIGHT, SEATHEIGHT, KILOMETER, FEDERAL_STATE, ADDRESS)
VALUES
    ('Panigale V4', 215, 'Ducati', 130.00, 198, 830, 12000, 'Niederösterreich', 'Sankt Pöltner Straße 32, Melk, Niederösterreich'),
    ('MT-07', 74, 'Yamaha', 90.00, 184, 805, 25000, 'Oberösterreich', 'Graben 5, Wels, Oberösterreich'),
    ('Z650', 68, 'Kawasaki', 85.00, 187, 790, 22000, 'Salzburg', 'Giselakai 17, Salzburg, Salzburg'),
    ('Iron 883', 51, 'Harley-Davidson', 100.00, 256, 760, 10000, 'Kärnten', 'Villacher Ring 25, Klagenfurt, Kärnten'),
    ('TRK 502X', 47, 'Benelli', 95.00, 213, 850, 15000, 'Burgenland', 'Schlossgasse 12, Eisenstadt, Burgenland'),
    ('Africa Twin', 102, 'Honda', 110.00, 226, 850, 18000, 'Steiermark', 'Jakominiplatz 6, Graz, Steiermark'),
    ('Softail Slim', 86, 'Harley-Davidson', 140.00, 308, 660, 9000, 'Tirol', 'Rennweg 18, Hall in Tirol, Tirol'),
    ('Tracer 9 GT', 119, 'Yamaha', 120.00, 213, 810, 14000, 'Vorarlberg', 'Marktstraße 27, Dornbirn, Vorarlberg'),
    ('V-Strom 650', 71, 'Suzuki', 90.00, 212, 835, 20000, 'Wien', 'Opernring 1, Wien'),
    ('Scrambler Icon', 73, 'Ducati', 110.00, 185, 798, 12000, 'Niederösterreich', 'Heiligenkreuzer Straße 14, Baden, Niederösterreich');


INSERT INTO MOTORBIKES (MODEL, PS, MANUFACTURER, CURRENTLEASINGRATE, WEIGHT, SEATHEIGHT, KILOMETER, FEDERAL_STATE, ADDRESS)
VALUES
    ('Multistrada V4', 170, 'Ducati', 120.00, 240, 840, 15200, 'Niederösterreich', 'Alauntalstraße 12, Krems an der Donau, Niederösterreich'),
    ('YZF-R1', 200, 'Yamaha', 110.00, 200, 855, 18000, 'Wien', 'Mariahilfer Straße 150, Wien'),
    ('Ninja H2', 228, 'Kawasaki', 140.00, 238, 825, 7500, 'Oberösterreich', 'Hauptplatz 4, Linz, Oberösterreich'),
    ('Street Glide', 90, 'Harley-Davidson', 150.00, 345, 695, 13500, 'Steiermark', 'Kaiserfeldgasse 8, Graz, Steiermark'),
    ('Imperiale 400', 21, 'Benelli', 80.00, 200, 780, 3200, 'Tirol', 'Herzog-Friedrich-Straße 22, Innsbruck, Tirol'),
    ('Panigale V4', 215, 'Ducati', 130.00, 198, 830, 12100, 'Burgenland', 'Marktplatz 11, Eisenstadt, Burgenland'),
    ('MT-07', 74, 'Yamaha', 90.00, 184, 805, 20000, 'Kärnten', 'Viktringer Ring 5, Klagenfurt, Kärnten'),
    ('Z650', 68, 'Kawasaki', 85.00, 187, 790, 25500, 'Salzburg', 'Giselakai 2, Salzburg, Salzburg'),
    ('Iron 883', 51, 'Harley-Davidson', 100.00, 256, 760, 10500, 'Vorarlberg', 'Marktstraße 9, Dornbirn, Vorarlberg'),
    ('TRK 502X', 47, 'Benelli', 95.00, 213, 850, 17000, 'Oberösterreich', 'Graben 7, Wels, Oberösterreich'),
    ('Africa Twin', 102, 'Honda', 110.00, 226, 850, 18500, 'Steiermark', 'Jakominiplatz 9, Graz, Steiermark'),
    ('Softail Slim', 86, 'Harley-Davidson', 140.00, 308, 660, 9300, 'Tirol', 'Rennweg 20, Hall in Tirol, Tirol'),
    ('Scrambler Icon', 73, 'Ducati', 110.00, 185, 798, 12200, 'Niederösterreich', 'Heiligenkreuzer Straße 20, Baden, Niederösterreich'),
    ('Tracer 9 GT', 119, 'Yamaha', 120.00, 213, 810, 15000, 'Vorarlberg', 'Höchsterstraße 14, Bregenz, Vorarlberg'),
    ('V-Strom 650', 71, 'Suzuki', 90.00, 212, 835, 21000, 'Wien', 'Opernring 5, Wien'),
    ('Multistrada V4', 170, 'Ducati', 120.00, 240, 840, 17000, 'Niederösterreich', 'Dr. Karl Dorrek Straße 3, Krems, Niederösterreich'),
    ('YZF-R1', 200, 'Yamaha', 110.00, 200, 855, 19500, 'Burgenland', 'Neusiedler Platz 7, Rust, Burgenland'),
    ('Street Glide', 90, 'Harley-Davidson', 150.00, 345, 695, 14000, 'Kärnten', 'Bahnhofstraße 30, Villach, Kärnten'),
    ('MT-07', 74, 'Yamaha', 90.00, 184, 805, 19000, 'Oberösterreich', 'Schillerstraße 5, Steyr, Oberösterreich'),
    ('Scrambler Icon', 73, 'Ducati', 110.00, 185, 798, 13000, 'Steiermark', 'Rathausplatz 10, Graz, Steiermark'),
    ('TRK 502X', 47, 'Benelli', 95.00, 213, 850, 16500, 'Niederösterreich', 'Amstettner Straße 2, St. Pölten, Niederösterreich'),
    ('Softail Slim', 86, 'Harley-Davidson', 140.00, 308, 660, 9200, 'Tirol', 'Maria-Theresien-Straße 15, Innsbruck, Tirol'),
    ('V-Strom 650', 71, 'Suzuki', 90.00, 212, 835, 22000, 'Salzburg', 'Schloss Mirabell 1, Salzburg, Salzburg'),
    ('Iron 883', 51, 'Harley-Davidson', 100.00, 256, 760, 11000, 'Vorarlberg', 'Dornbirner Straße 3, Feldkirch, Vorarlberg'),
    ('Ninja H2', 228, 'Kawasaki', 140.00, 238, 825, 8000, 'Burgenland', 'Thermenplatz 8, Lutzmannsburg, Burgenland');

INSERT INTO MOTORBIKES (MODEL, PS, MANUFACTURER, CURRENTLEASINGRATE, WEIGHT, SEATHEIGHT, KILOMETER, FEDERAL_STATE, ADDRESS)
VALUES
    ('Panigale V4', 215, 'Ducati', 125.00, 198, 830, 10500, 'Niederösterreich', 'Weinmarkt 8, Krems an der Donau, Niederösterreich'),
    ('YZF-R1', 200, 'Yamaha', 115.00, 200, 855, 22000, 'Wien', 'Neubaugasse 25, Wien'),
    ('Ninja H2', 228, 'Kawasaki', 135.00, 238, 825, 8500, 'Oberösterreich', 'Landstraße 7, Linz, Oberösterreich'),
    ('Street Glide', 90, 'Harley-Davidson', 145.00, 345, 695, 12500, 'Steiermark', 'Jakominiplatz 12, Graz, Steiermark'),
    ('Imperiale 400', 21, 'Benelli', 85.00, 200, 780, 3600, 'Tirol', 'Maria-Theresien-Straße 3, Innsbruck, Tirol'),
    ('Panigale V4', 215, 'Ducati', 130.00, 198, 830, 12150, 'Burgenland', 'Sonnenplatz 6, Eisenstadt, Burgenland'),
    ('MT-07', 74, 'Yamaha', 95.00, 184, 805, 21500, 'Kärnten', 'Hauptstraße 5, Villach, Kärnten'),
    ('Z650', 68, 'Kawasaki', 90.00, 187, 790, 24000, 'Salzburg', 'Schlossplatz 4, Salzburg, Salzburg'),
    ('Iron 883', 51, 'Harley-Davidson', 105.00, 256, 760, 11500, 'Vorarlberg', 'Hauptstraße 20, Dornbirn, Vorarlberg'),
    ('TRK 502X', 47, 'Benelli', 100.00, 213, 850, 17500, 'Oberösterreich', 'Linzergasse 8, Wels, Oberösterreich'),
    ('Africa Twin', 102, 'Honda', 110.00, 226, 850, 19000, 'Steiermark', 'Kaiserstraße 15, Graz, Steiermark'),
    ('Softail Slim', 86, 'Harley-Davidson', 140.00, 308, 660, 9500, 'Tirol', 'Gilmstraße 12, Hall in Tirol, Tirol'),
    ('Scrambler Icon', 73, 'Ducati', 110.00, 185, 798, 13000, 'Niederösterreich', 'Bahnstraße 8, Baden, Niederösterreich'),
    ('Tracer 9 GT', 119, 'Yamaha', 120.00, 213, 810, 15500, 'Vorarlberg', 'Feldkircherstraße 25, Bregenz, Vorarlberg'),
    ('V-Strom 650', 71, 'Suzuki', 95.00, 212, 835, 23000, 'Wien', 'Praterstraße 11, Wien'),
    ('Multistrada V4', 170, 'Ducati', 125.00, 240, 840, 15000, 'Niederösterreich', 'Langenloiser Straße 12, Krems, Niederösterreich'),
    ('YZF-R1', 200, 'Yamaha', 110.00, 200, 855, 22500, 'Burgenland', 'Kühlgasse 3, Rust, Burgenland'),
    ('Street Glide', 90, 'Harley-Davidson', 150.00, 345, 695, 13000, 'Kärnten', 'Veldenerstraße 8, Villach, Kärnten'),
    ('MT-07', 74, 'Yamaha', 95.00, 184, 805, 19500, 'Oberösterreich', 'Johann-Schubert-Straße 4, Linz, Oberösterreich'),
    ('Scrambler Icon', 73, 'Ducati', 110.00, 185, 798, 13700, 'Steiermark', 'Hauptplatz 4, Graz, Steiermark'),
    ('TRK 502X', 47, 'Benelli', 98.00, 213, 850, 16500, 'Niederösterreich', 'Kremser Landstraße 5, St. Pölten, Niederösterreich'),
    ('Softail Slim', 86, 'Harley-Davidson', 140.00, 308, 660, 10000, 'Tirol', 'Innsbruckerstraße 22, Innsbruck, Tirol'),
    ('V-Strom 650', 71, 'Suzuki', 95.00, 212, 835, 22500, 'Salzburg', 'Getreidegasse 7, Salzburg, Salzburg'),
    ('Iron 883', 51, 'Harley-Davidson', 105.00, 256, 760, 11800, 'Vorarlberg', 'Stadtplatz 11, Feldkirch, Vorarlberg'),
    ('Ninja H2', 228, 'Kawasaki', 135.00, 238, 825, 9000, 'Burgenland', 'Thermenstraße 12, Lutzmannsburg, Burgenland');

INSERT INTO MOTORBIKES (MODEL, PS, MANUFACTURER, CURRENTLEASINGRATE, WEIGHT, SEATHEIGHT, KILOMETER, FEDERAL_STATE, ADDRESS)
VALUES
    ('Multistrada V4', 170, 'Ducati', 130.00, 240, 840, 16000, 'Wien', 'Praterstraße 15, Wien'),
    ('Tracer 9 GT', 119, 'Yamaha', 120.00, 213, 810, 13500, 'Salzburg', 'Getreidegasse 9, Salzburg'),
    ('Ninja H2', 228, 'Kawasaki', 140.00, 238, 825, 9200, 'Tirol', 'Kaiserstraße 14, Innsbruck, Tirol'),
    ('Softail Slim', 86, 'Harley-Davidson', 145.00, 308, 660, 10500, 'Burgenland', 'Ruster Straße 19, Eisenstadt, Burgenland'),
    ('Benelli 502', 47, 'Benelli', 95.00, 213, 850, 17000, 'Steiermark', 'Färbergasse 12, Graz, Steiermark'),
    ('YZF-R1', 200, 'Yamaha', 110.00, 200, 855, 23000, 'Niederösterreich', 'Bahnstraße 3, St. Pölten, Niederösterreich'),
    ('Panigale V4', 215, 'Ducati', 125.00, 198, 830, 11000, 'Vorarlberg', 'Götzstraße 8, Dornbirn, Vorarlberg'),
    ('MT-07', 74, 'Yamaha', 100.00, 184, 805, 18500, 'Kärnten', 'Hauptplatz 6, Klagenfurt, Kärnten'),
    ('Scrambler Icon', 73, 'Ducati', 110.00, 185, 798, 14500, 'Oberösterreich', 'Linzergasse 10, Wels, Oberösterreich'),
    ('Street Glide', 90, 'Harley-Davidson', 150.00, 345, 695, 12700, 'Wien', 'Praterstraße 30, Wien');


INSERT INTO `GROUPS` (GROUP_ID, NAME, FROM_DATE, TO_DATE, DESCRIPTION, ROUTEDATA, CREATED_AT, IS_PUBLIC, FEDERAL_STATE, START_TIME) VALUES
VALUES
    (42, 'Tour Tirol', '2025-02-10', '2025-02-27',
    'Diese epische Biketour führt dich durch die beeindruckende Landschaft Österreichs – von den majestätischen Alpen in Tirol bis hin zu den weiten Ebenen und malerischen Weinlandschaften im Burgenland. Auf dieser Tour kannst du atemberaubende Gebirgspässe erklimmen, idyllische Täler durchqueren und in charmanten Städten und Dörfern eine Pause einlegen, um die österreichische Gastfreundschaft zu erleben.',
    '{"key": "value"}', '2025-02-09 23:56:01', 1, 'Tirol', '10:00:00'),    ('ASDsdASD', '2025-02-09', '2025-02-09', 'asdASDasd', '{"key": "value"}', '2025-02-09 23:57:29', 1, 'ASDAsdAD', '10:00:00'),
    (43, 'ASDsdASD', '2025-02-09', '2025-02-09',
    'asdASDasd', '{"key": "value"}', '2025-02-09 23:57:29', 1, 'ASDAsdAD', '10:00:00'),

    (44, 'Tour Tirol', '2025-02-12', '2025-02-19',
    'Ein Tour Tirol', '{"key": "value"}', '2025-02-10 00:00:24', 1, 'Tirol', '10:00:00'),

    (45, 'Tour Donau', '2025-02-17', '2025-02-23',
    'Eine Tour entlang der Donau', '{"key": "value"}', '2025-02-10 00:53:42', 1, 'Niederösterreich', '10:00:00'),

    (46, 'Alpine Adventure', '2024-06-15', '2024-06-20',
    'A thrilling group ride through the Alps, covering scenic mountain roads and breathtaking views.',
    '{"type": "mountain_route", "difficulty": "high"}', '2024-01-01 10:00:00', 1, 'Niederösterreich', '10:00:00'),

    (47, 'Lake Tourers', '2024-07-01', '2024-07-04',
    'Relaxed rides around Austrias most beautiful lakes, perfect for touring enthusiasts.',
    '{"type": "lake_route", "difficulty": "medium"}', '2024-02-15 15:30:00', 1, 'Oberösterreich', '10:00:00'),
    
    (48, 'Weekend Warriors', '2024-05-10', '2024-05-12',
    'Weekend rides for city escapees looking for adventure.',
    '{"type": "short_trip", "difficulty": "low"}', '2024-03-01 12:45:00', 1, 'Wien', '10:00:00'),

    (49, 'Classic Bike Club', '2024-08-05', '2024-08-12',
    'A gathering of classic motorbike owners exploring historic routes.',
    '{"type": "vintage_route", "difficulty": "medium"}', '2024-01-20 09:00:00', 1, 'Voralberg', '10:00:00'),

    (50, 'Enduro Offroaders', '2024-09-15', '2024-09-18',
    'An off-road journey through rugged trails for enduro enthusiasts.',
    '{"type": "offroad", "difficulty": "high"}', '2024-04-10 17:20:00', 1, 'Niederösterreich', '10:00:00'),

    (51, 'Ducati Fans Meetup', '2024-10-01', '2024-10-05',
    'A meetup of Ducati riders sharing passion for speed and style.',
    '{"type": "sport_route", "difficulty": "medium"}', '2024-05-15 11:30:00', 1, 'Tirol', '10:00:00'),

    (52, 'Scenic Explorers', '2024-04-20', '2024-04-22',
    'Exploring picturesque routes through valleys and forests.',
    '{"type": "scenic_route", "difficulty": "low"}', '2024-03-05 14:00:00', 1, 'Salzburg', '10:00:00'),

    (53, 'Tour de Tirol', '2024-06-25', '2024-06-28',
    'An exciting ride through the iconic roads of Tyrol.',
    '{"type": "mountain_route", "difficulty": "medium"}', '2024-02-28 16:15:00', 1, 'Steiermark', '10:00:00');
    
    
INSERT INTO USERS (USER_ID, AGE, USERNAME, PICADDRESS, PASSWORD) VALUES
     (8, 83, 'fritzi', 'b (1).png', '$2a$13$H.GbOiBzVXNC.7/yd9j6zueqPtii9tApgTTZfCJml4QmOojy9vo/q'),
     (9, 34, 'Tom', 'b (4).png', '$2a$13$l6B2xBJkwZ80tqaYapf5ceSzwDF3Eix0OY8yzUthzP7uZgU4Glgii'),
     (12, 54, 'franzi', 'b (7).png', '$2a$13$yuHPLvlEcwwB.W3kWkxuWeWN8Dx0.U0dH65owWoNUxY3poJR3leCi'),
     (13, 24, 'walli', 'b (18).png', '$2a$13$vkJtJptWcGgI/LeaqR8OtOA.IuOcDa1nH7K8goiL3RA8uekHnAFwi'),
     (14, 23, 'asdf', 'b (6).png', '$2a$13$6Ptt77vO9sd5B62L/QHXP.lIKdy/1tLWRMdjJPYS4pc6laiJ/WqZi'),
     (15, 56, 'Test1', 'b (27).png', '$2a$13$HBv3FjT3jVht/eZjmr7rNu4TOtXRU4a0ww6nlfxhasvd7QntKfyoW'),
     (16, 29, 'Franz', 'b (16).png', '$2a$13$rhZzWm/C5lAFquWBCNhUV.3RDnBYbkSXD5Rl3Mw71sm4Qr9rjPJia');


INSERT INTO `WAYPOINTS` (WAYPOINT_ID, ADDRESS, SEQUENCE, GROUP_ID) VALUES
(1, 'Maria-Theresien-Straße 18, 6020 Innsbruck, Österreich', 1, 42),
(2, 'Seefelder Straße 45, 6100 Seefeld, Österreich', 2, 42),
(3, 'Achenseestraße 23, 6212 Maurach, Österreich', 3, 42),

(4, 'Hauptplatz 1, 2500 Baden, Österreich', 1, 43),
(5, 'Badener Straße 88, 2352 Gumpoldskirchen, Österreich', 2, 43),
(6, 'Weingartenweg 5, 2525 Tattendorf, Österreich', 3, 43),

(7, 'Universitätsstraße 15, 6020 Innsbruck, Österreich', 1, 44),
(8, 'Rennweg 5, 6020 Innsbruck, Österreich', 2, 44),
(9, 'Hungerburgweg 21, 6020 Innsbruck, Österreich', 3, 44),

(10, 'Reichsbrücke, 1020 Wien, Österreich', 1, 45),
(11, 'Niedermarkt 24, 3400 Klosterneuburg, Österreich', 2, 45),
(12, 'Hans-Kudlich-Gasse 43, 3512 Baumgarten, Österreich', 3, 45),
(13, 'Manker Straße 72, 3380 Pöchlarn, Österreich', 4, 45),
(14, 'Stübinggrabenstraße, 8152 Stallhofen, Österreich', 5, 45),

(15, 'Babenbergerstraße 12, 3100 St. Pölten, Österreich', 1, 46),
(16, 'Kremser Straße 77, 3133 Traismauer, Österreich', 2, 46),
(17, 'Donaustraße 9, 3430 Tulln, Österreich', 3, 46),

(18, 'Landstraße 50, 4020 Linz, Österreich', 1, 47),
(19, 'Hafenstraße 11, 4020 Linz, Österreich', 2, 47),
(20, 'Pöstlingbergweg 3, 4040 Linz, Österreich', 3, 47),

(21, 'Stephansplatz 1, 1010 Wien, Österreich', 1, 48),
(22, 'Mariahilfer Straße 99, 1060 Wien, Österreich', 2, 48),
(23, 'Prater Hauptallee 7, 1020 Wien, Österreich', 3, 48),

(24, 'Rathausstraße 1, 6900 Bregenz, Österreich', 1, 49),
(25, 'Seestraße 45, 6900 Bregenz, Österreich', 2, 49),
(26, 'Pfänderbahnstraße 17, 6900 Bregenz, Österreich', 3, 49),

(27, 'Hauptplatz 3, 3500 Krems an der Donau, Österreich', 1, 50),
(28, 'Wachauer Straße 88, 3620 Spitz, Österreich', 2, 50),
(29, 'Dürnsteiner Straße 5, 3601 Dürnstein, Österreich', 3, 50),

(30, 'Dorfstraße 12, 6580 St. Anton am Arlberg, Österreich', 1, 51),
(31, 'Silvretta Straße 99, 6561 Ischgl, Österreich', 2, 51),
(32, 'Alpenstraße 8, 6300 Wörgl, Österreich', 3, 51),

(33, 'Getreidegasse 23, 5020 Salzburg, Österreich', 1, 52),
(34, 'Mirabellplatz 5, 5020 Salzburg, Österreich', 2, 52),
(35, 'Hellbrunner Allee 32, 5020 Salzburg, Österreich', 3, 52),

(36, 'Herrengasse 1, 8010 Graz, Österreich', 1, 53),
(37, 'Schloßbergplatz 10, 8010 Graz, Österreich', 2, 53),
(38, 'Eggenberger Allee 90, 8020 Graz, Österreich', 3, 53);


INSERT INTO LEASING_CONTRACTS_JT (USER_ID, MOTORBIKE_ID, FROM_DATE, TO_DATE, COST, PRICE_PER_DAY, INSURANCE)
VALUES
    (8, 101, '2024-01-15', '2024-01-20', 100.00, 20.00, 'Keine Versicherung'),
    (9, 102, '2024-05-01', '2024-05-15', 300.00, 20.00, 'Vollversicherung'),
    (12, 103, '2024-08-10', '2024-08-18', 180.00, 30.00, 'Keine Versicherung'),
    (13, 104, '2024-04-01', '2024-04-10', 120.00, 15.00, 'Vollversicherung'),
    (14, 105, '2024-03-05', '2024-03-15', 220.00, 25.00, 'Keine Versicherung'),
    (15, 106, '2024-07-20', '2024-07-30', 250.00, 30.00, 'Vollversicherung'),
    (16, 107, '2024-06-01', '2024-06-10', 210.00, 20.00, 'Keine Versicherung');


INSERT INTO LEASING_CONTRACTS_JT (USER_ID, MOTORBIKE_ID, FROM_DATE, TO_DATE, COST, PRICE_PER_DAY, INSURANCE)
VALUES
    (8, 108, '2025-03-01', '2025-03-10', 150.00, 15.00, 'Vollversicherung'),
    (9, 109, '2025-06-01', '2025-06-20', 400.00, 20.00, 'Keine Versicherung'),
    (12, 110, '2025-07-01', '2025-07-07', 210.00, 30.00, 'Vollversicherung'),
    (13, 111, '2025-05-15', '2025-05-25', 280.00, 25.00, 'Keine Versicherung'),
    (14, 112, '2025-09-01', '2025-09-10', 200.00, 20.00, 'Vollversicherung'),
    (15, 113, '2025-04-05', '2025-04-15', 250.00, 30.00, 'Keine Versicherung'),
    (16, 114, '2025-08-15', '2025-08-22', 230.00, 20.00, 'Vollversicherung');

